﻿Designator,Footprint,Quantity,Value,LCSC Part #
"C1, C2, C3, C4, C5, C7",0603,6,10u,
"C10, C15, C16, C6, C8, C9",0603,6,0.1u,
"C11, C12, C13, C14",0603,4,1n,
"C17, C18, C19, C20, C21, C22",0805,6,22u,
"C23, C24, C25, C26",CP_Elec_6.3x7.7,4,47u,
"D1, D2",D_SMA,2,SS34,
"D10, D5, D6, D9",Luminus_SST10_20_3030_pad,4,SST-20-DR-A120,
D11,D_MiniMELF,1,BZV55B6V2,
"D3, D4, D7, D8",Luminus_SST10_20_3030_pad,4,SST-10-G-A120,
F1,0603,1,500mA,
"IC1, IC2",Texas_DSG0008A_WSON-8-1EP_2x2mm_P0.5mm_EP0.9x1.6mm,2,TPS922051D2DSGR,
J1,Molex_Micro-Fit_3.0_43650-0410_1x04-1MP_P3.00mm_Horizontal,1,Conn_01x04,
"L1, L2",L_Coilcraft_XAL5050-XXX,2,22u,
Q1,Vishay_PowerPAK_1212-8_Single,1,SiS413DNT,
"R1, R2, R3, R4, R5, R6",0603,6,100,
"R7, R8",1206,2,200m,
R9,0603,1,1k5,
