﻿Designator,Footprint,Quantity,Value,LCSC Part #
"D1, D2",D_SMC_TVS,2,1.5SMC300CA,
D5,D_SOD-123,1,MMSZ4699T1G,
D6,D_SOD-123,1,MMSZ4684-E3-08,
F1,0805,1,150ma,
F3,Littelfuse-04611-25ER,1,0461.500ER,
J1,Molex_Micro-Fit_3.0_43045-0212_2x01_P3.00mm_Vertical,1,HV+,
J4,Molex_Micro-Fit_3.0_43045-0212_2x01_P3.00mm_Vertical,1,HV-,
J5,Molex_Micro-Fit_3.0_43045-0412_2x02_P3.00mm_Vertical,1,Conn_01x04,
"Q1, Q2",SOT-23,2,XP262N7002TR-G,
Q3,TO-252-2,1,IPD80R4K5P7,
"R1, R5",0805,2,10k,
R16,0805,1,47k,
"R17, R6",0805,2,1k,
"R18, R19, R20, R21, R22, R3",0805,6,200k,
R2,0805,1,33k,
R4,2512,1,1k,
U1,SOT-23_Handsoldering,1,AZ431LBNTR-G1,
U2,MFSOP6-4_4.4x3.6mm_P1.27mm,1,TLP175A,
