﻿Designator,Footprint,Quantity,Value,LCSC Part #
C1,0805,1,4.7u,
"C10, C11",0805,2,10u,
"C12, C14, C15, C2, C3, C4, C5, C6, C7",0603,9,100n,
"C13, C18",0603,2,4.7n,
"C16, C17",0603,2,4.7p,
C8,0603,1,0.1uF,
C9,0603,1,2.2u,
"D1, D5, D6, D7",0805,4,LED,
"D2, D4",SOT-23,2,NUP2105L,
D3,D_SOD-123,1,BZT52B10,
F1,0603,1,Fuse,
J1,PinHeader_1x03_P2.54mm_Vertical,1,USART1,
J2,SHF10501LDSMLC,1,Conn_ARM_JTAG_SWD_10,
J3,M80-5400442,1,Conn_01x06,
J4,M80-5400642,1,Conn_01x08,
L1,L_Coilcraft_XAL4020-XXX,1,2.2uH,
Q1,SOT-23,1,DMP510DL-7,
"R1, R7",0603,2,100k,
"R10, R11, R4, R5",0603,4,60R,
"R12, R8, R9",0603,3,100,
"R13, R14, R15",0603,3,120,
R2,0603,1,1k,
R3,0603,1,22.1k,
R6,0603,1,10k,
SW1,SW_Push_1P1T_NO_CK_KMR2,1,KMR2,
U1,SOT-23-6,1,LMR51430,
"U2, U3",SOT-23-8_Handsoldering,2,TCAN3404-Q1,
U4,LQFP-64_10x10mm_P0.5mm,1,STM32F105RBTx,
Y1,Resonator_SMD_ECS_ECX-1247Q_1.6x1.2x0.3mm,1,ABM8AIG-8.000MHZ-1Z-T,
