﻿Designator,Footprint,Quantity,Value,LCSC Part #
"C1, C2",0603,2,10p,
"C10, C11, C12, C13, C21, C22, C23, C24",0603,8,0.47uF,
C14,0603,1,10nF,
"C15, C19",0603,2,0.1uF,
C16,0603,1,2.2uF,
C17,0603,1,0.22uF,
C18,0603,1,4.7uF,
"C20, C25, C34",0603,3,1uF,
"C26, C27, C28, C29, C30, C31, C32, C33, C4, C5, C7",0603,11,100n,
"C3, C6, C8",0603,3,10u,
C9,0603,1,4.7n,
"D1, D11",SOT-323_SC-70,2,BAT54W,
D10,0805,1,SOC5,
D2,0805,1,12V_LED,
D3,0805,1,5V_LED,
D4,0805,1,BQ_PWR_LED,
D5,0805,1,LED1,
D6,0805,1,SOC1,
D7,0805,1,SOC2,
D8,0805,1,SOC3,
D9,0805,1,SOC4,
F1,01000060Z,1,01000067Z,
H1,MountingHole_3.2mm_M3_Pad_TopBottom_with6mmClearanceForBMS,1,12V,
H2,MountingHole_3.2mm_M3_Pad_TopBottom_with6mmClearanceForBMS,1,8V,
H3,MountingHole_3.2mm_M3_Pad_TopBottom_with6mmClearanceForBMS,1,4V,
H4,MountingHole_3.2mm_M3_Pad_TopBottom_with6mmClearanceForBMS,1,0V,
J1,PinHeader_1x05_P2.54mm_Vertical,1,Prog,
J2,PinHeader_1x06_P2.54mm_Vertical,1,bonus_pins,
J3,Molex_Micro-Fit_3.0_43650-0200_1x02_P3.00mm_Horizontal,1,LVMS,
J4,PinHeader_1x02_P2.54mm_Vertical,1,DBG_UART,
J5,Molex_Micro-Fit_3.0_43650-0200_1x02_P3.00mm_Horizontal,1,CAN,
J6,PinSocket_2x08_P2.54mm_Vertical,1,Thermin,
J7,AMASS_XT60PW-F_1x02_P7.20mm_Horizontal,1,XT60-PW-F,
"JP1, JP2, JP3",SolderJumper-2_P1.3mm_Bridged_RoundedPad1.0x1.5mm,3,Jumper_2_Bridged,
"Q1, Q2, Q4, Q5, Q6, Q7, Q8, Q9",SOT-23,8,XP262N7002TR-G,
Q3,TO-252-3_TabPin2,1,Q_NPN_BCE,
"R1, R2, R4, R5",2512,4,2m,
"R10, R11, R19, R34, R35, R45, R47, R49, R51, R53, R55",0603,11,1k,
"R12, R13, R15, R36, R37, R38, R39, R40, R41, R42, R43, R44, R46, R48, R50, R52, R54, R6, R7, R8",0603,20,10k,
R14,0603,1,4.7k,
R16,0603,1,2.2k,
"R17, R18",0603,2,60R,
"R20, R21, R22, R23",0603,4,100,
R24,0603,1,30,
"R25, R26, R29, R30",2512,4,10,
R27,0603,1,300,
R28,0603,1,200,
"R31, R32, R33",0603,3,100K,
R56,0603,1,68,
R9,0603,1,1M,
"SW1, SW2",SW_Push_1P1T_NO_CK_KMR2,2,SW_Push,
SW3,SW_Push_1P1T_NO_CK_KMR2,1,SW_RESET,
"TP1, TP10, TP11, TP12, TP13, TP2, TP3, TP6, TP7, TP8, TP9",TestPoint_Pad_1.5x1.5mm,11,TestPoint_Small,
U1,TQFP-44_10x10mm_P0.8mm,1,PIC18F47Q84-I/PT,
U2,T9GV5L145,1,832A-1A-F-C-12VDC,
U3,SOT-223-3_TabPin2,1,AMS1117-5.0,
U4,SOIC-8_3.9x4.9mm_P1.27mm,1,MAX3051ESA+,
U5,PAP0064F-IPC_A,1,BQ79616PAPRQ1,
Y1,Crystal_SMD_SeikoEpson_FA128-4Pin_2.0x1.6mm,1,40MHz,
