﻿Designator,Footprint,Quantity,Value,LCSC Part #
"F1, F2, F3, F4, F5",0603,5,Fuse,
J1,Molex_Micro-Fit_3.0_43045-0800_2x04_P3.00mm_Horizontal,1,Accumulator 1,
J10,Molex_Micro-Fit_3.0_43045-0200_2x01_P3.00mm_Horizontal,1,mains power indicator,
J11,Molex_Micro-Fit_3.0_43045-0200_2x01_P3.00mm_Horizontal,1,Close AIRs,
J2,Molex_Micro-Fit_3.0_43045-0800_2x04_P3.00mm_Horizontal,1,Accumulator 2,
J3,AMASS_XT30PW-M_1x02_P2.50mm_Horizontal,1,Main 12V,
J4,Molex_Micro-Fit_3.0_43045-1200_2x06_P3.00mm_Horizontal,1,Latching,
J5,Molex_Micro-Fit_3.0_43045-0400_2x02_P3.00mm_Horizontal,1,Charger,
J6,Molex_Micro-Fit_3.0_43045-0200_2x01_P3.00mm_Horizontal,1,IMD FAULT LED active low,
J7,Molex_Micro-Fit_3.0_43045-0200_2x01_P3.00mm_Horizontal,1,BMS LED active low,
J8,Molex_Micro-Fit_3.0_43045-0200_2x01_P3.00mm_Horizontal,1,Latching reset,
J9,Molex_Micro-Fit_3.0_43045-0200_2x01_P3.00mm_Horizontal,1,JESUS button,
"R1, R2, R7",0805,3,430,
SW11,Molex_Micro-Fit_3.0_43045-0400_2x02_P3.00mm_Horizontal,1,ON BUTTON,
