﻿Designator,Footprint,Quantity,Value,LCSC Part #
"C1, C25, C26, C8",CP_Radial_D5.0mm_P2.00mm,4,100u,
C10,0805,1,1u,
"C11, C12, C13, C14, C16, C9",0805,6,10u,
"C15, C17, C18, C19, C2, C20, C21, C22, C23, C24, C3, C4, C5, C6, C7",0805,15,100n,
D1,D_SMA,1,SS14+,
"D10, D11, D12, D18, D20, D21, D22, D23, D5, D6, D7, D8, D9",SOT-323_SC-70,13,BAT54W,
D13,0603,1,GREEN,
D14,0603,1,RED,
D15,0603,1,BLUE,
D16,0603,1,YELLOW,
D17,0603,1,ORANGE,
"D19, D2, D3, D4",TSOP-6_1.65x3.05mm_P0.95mm,4,PESD12VS5UD,
"F1, F2",Fuse_Littelfuse-NANO2-451_453,2,0448.500MR,
"GRN1, IMP1, ~{IMP}1",TestPoint_Pad_D1.5mm,3,TestPoint,
"J1, J2",Molex_Micro-Fit_3.0_43045-1200_2x06_P3.00mm_Horizontal,2,Molex 43045-1200,
"K1, K2",Relay_SPDT_Omron-G5Q-1,2,G5Q-1A-EU DC12,
"Q1, Q2, Q5, Q6",Vishay_PowerPAK_1212-8_Single,4,SiS413DNT,
"Q3, Q4, Q7",SOT-23,3,XP262N7002TR-G,
"R1, R2, R3, R4, R5, R6, R8, R9",2512,8,270,
"R10, R11, R12, R13, R14, R15, R16, R17, R18, R22, R24, R25, R26, R27, R29, R35, R36, R39, R40, R7",0805,20,10k,
R19,0805,1,1k,
R20,0805,1,47k,
"R21, R23",0805,2,100k,
"R28, R30, R31, R32, R33",0603,5,10k,
"R34, R37, R38, R41",0805,4,0,
TP1,TestPoint_Pad_D1.5mm,1,+AIR_INTENDED,
TP2,TestPoint_Pad_D1.5mm,1,-AIR_INTENDED,
TP3,TestPoint_Pad_D1.5mm,1,PRCHG_INTENDED,
"U1, U4, U6",SOIC-14_3.9x8.7mm_P1.27mm,3,40106,
U2,SOIC-14_3.9x8.7mm_P1.27mm,1,4071,
"U3, U5, U9",SOIC-14_3.9x8.7mm_P1.27mm,3,4081,
"U7, U8",SOIC-14_3.9x8.7mm_P1.27mm,2,4013,
