﻿Designator,Footprint,Quantity,Value,LCSC Part #
C1,0805,1,100n,
"C2, C3",C_Elec_8x10.2,2,1u,
D1,D_SOD-123,1,MMSZ4699T1G,
D2,D_MiniMELF,1,BZV55B6V2,
D3,D_SOD-123,1,MMSZ5239B,
D4,D_SMB_TVS,1,P6SMB440CA,
F1,Littelfuse-04611-25ER,1,0461.500ER,
J1,Molex_Micro-Fit_3.0_43650-0214_1x02_P3.00mm_Horizontal,1,TS HV+,
J2,Molex_Micro-Fit_3.0_43650-0214_1x02_P3.00mm_Horizontal,1,TS HV-,
J3,Molex_Micro-Fit_3.0_43650-0224_1x02-1MP_P3.00mm_Vertical,1,LED,
Q1,TO-252-2,1,IPD80R4K5P7,
Q2,SOT-23,1,XP262N7002TR-G,
"R1, R12, R13, R14, R15, R2, R3, R4, R5",0805,9,200k,
R10,0805,1,4.7k,
R11,0805,1,100,
R16,0805,1,100k,
R19,0603,1,1k,
R8,2512,1,470,
R9,0805,1,110k,
U1,SOIC-8_3.9x4.9mm_P1.27mm,1,OP777,
