﻿Designator,Footprint,Quantity,Value,LCSC Part #
C1,0603,1,68nF,
"C10, C11, C12, C13, C14, C18, C19, C20, C21, C22, C3, C31, C34, C4, C5, C6, C7, C8, C9",0603,19,100nF,
"C15, C29, C30, C51, C53",0603,5,100n,
"C16, C28",0805,2,10u,
"C17, C23",0603,2,2u2,
"C2, C49",0603,2,4.7uF,
"C24, C25",0603,2,2.2u,
"C26, C27",0603,2,4.7pF,
C32,0805,1,10uF,
"C33, C39, C40",0805,3,22uF,
"C35, C43, C44, C45, C46",0603,5,1uF,
C36,0603,1,10uF,
"C37, C50",0603,2,220nF,
C38,0603,1,0.1uF,
C47,0603,1,10nF,
C48,0603,1,2.2uF,
"C52, C54",0603,2,4.7n,
"D1, D5, D6, D7, D8",0805,5,LED,
"D11, D12",SOT-23,2,NUP2105L,
D2,SOT-23-6,1,USBLC6-2SC6,
D3,D_SOD-123,1,BZT52B10,
D4,D_SOD-323F,1,D_TVS,
D9,D_SOD-123,1,D_Schottky,
FB1,0805,1,FerriteBead,
J1,SHF10501LDSMLC,1,SHF10501LDTHLC,
"J10, J7, J9",Molex_Micro-Fit_3.0_43045-0212_2x01_P3.00mm_Vertical,3,Conn_02x01,
"J11, J6, J8",Molex_Micro-Fit_3.0_43045-0412_2x02_P3.00mm_Vertical,3,Conn_02x02_Top_Bottom,
J2,XF2M40151A,1,XF2M-4015-1A,
J3,USB_C_Receptacle_GCT_USB4105-xx-A_16P_TopMnt_Horizontal,1,USB_C_Receptacle_USB2.0_16P,
J4,MEM20610118800A,1,MEM2061-01-188-00-A,
J5,M80-5102042,1,M80-5102042,
L1,L_Coilcraft_XAL4020-XXX,1,1.5uH,
L2,L_Coilcraft_XAL4030-XXX,1,10uH,
Q1,SOT-23,1,DMP510DL-7,
"Q2, Q3, Q4, Q5",SOT-23,4,XP262N7002TR-G,
"R1, R45, R46, R51, R53",0603,5,100K,
"R10, R12, R14, R15, R16, R17, R18, R19, R2, R20, R21, R22, R23, R25, R27, R28, R29, R3, R4, R5, R6, R7, R8",0603,23,33R,
"R11, R37, R39, R42, R49, R61, R62, R63, R64, R73, R74, R75, R9",0603,13,10K,
R13,0603,1,500R,
"R24, R26",0603,2,5.1k,
"R30, R31, R32, R33, R34",0603,5,47k,
"R35, R44",0603,2,1k,
R36,0603,1,22R,
R38,0603,1,1.3K,
R40,0603,1,50K,
R41,0603,1,300k,
"R43, R55, R57",0603,3,1.5k,
R47,0603,1,20k,
R48,0603,1,191k,
R50,0603,1,90k,
R52,0603,1,330R,
R54,0603,1,24.9k,
R56,0603,1,150R,
R58,0603,1,3R3,
"R59, R60, R65, R70",0603,4,60R,
"R66, R67, R68, R69",0805,4,220R,
R71,0805,1,330R,
R72,0805,1,1K,
"SW1, SW3",SW_Push_1P1T_NO_CK_KMR2,2,KMR221G LFS,
SW2,A6T-1101,1,SW_SPST,
U1,LQFP-144_20x20mm_P0.5mm,1,STM32F746ZGTx,
"U10, U9",SOT-23-8_Handsoldering,2,TCAN3404-Q1,
U2,TSOP-II-54_22.2x10.16mm_P0.8mm,1,W9812G6KH-5,
U3,TSSOP-16_4.4x5mm_P0.65mm,1,XPT2046TS,
U4,WSON-6-1EP_2x2mm_P0.65mm_EP1x1.6mm,1,TPS25200,
U5,SOTFL50P160X60-8N,1,TPS2117,
U6,LMR33630CDDA,1,LMR33630CDDA,
U7,WSON-6-1EP_2x2mm_P0.65mm_EP1x1.6mm,1,TLV759P,
U8,WSON-6-1EP_2x2mm_P0.65mm_EP1x1.6mm,1,TPS61165DRV,
Y1,Resonator_SMD_ECS_ECX-1247Q_1.6x1.2x0.3mm,1,25MHz,
